symboling,normalized-losses,make,fuel-type,aspiration,num-of-doors,body-style,drive-wheels,engine-location,wheel-base,length,width,height,curb-weight,engine-type,num-of-cylinders,engine-size,fuel-system,bore,stroke,compression-ratio,horsepower,peak-rpm,city-l100km,highway-l100km,price,horsepower-cubos
3,122,alfa-romero,gas,std,two,convertible,rwd,front,88.6,0.8111484863046613,0.8902777777777777,0.8160535117056856,2548,dohc,four,130,mpfi,3.47,2.68,9.0,111.0,5000.0,11.2,8.71111111111111,13495.0,Medio
3,122,alfa-romero,gas,std,two,convertible,rwd,front,88.6,0.8111484863046613,0.8902777777777777,0.8160535117056856,2548,dohc,four,130,mpfi,3.47,2.68,9.0,111.0,5000.0,11.2,8.71111111111111,16500.0,Medio
1,122,alfa-romero,gas,std,two,hatchback,rwd,front,94.5,0.8226814031715521,0.9097222222222222,0.8762541806020067,2823,ohcv,six,152,mpfi,2.68,3.47,9.0,154.0,5000.0,12.378947368421052,9.046153846153846,16500.0,Medio
2,164,audi,gas,std,four,sedan,fwd,front,99.8,0.8486304661220567,0.9194444444444445,0.9080267558528428,2337,ohc,four,109,mpfi,3.19,3.4,10.0,102.0,5500.0,9.8,7.84,13950.0,Medio
2,164,audi,gas,std,four,sedan,4wd,front,99.4,0.8486304661220567,0.9222222222222223,0.9080267558528428,2824,ohc,five,136,mpfi,3.19,3.4,8.0,115.0,5500.0,13.066666666666666,10.69090909090909,17450.0,Medio
2,122,audi,gas,std,two,sedan,fwd,front,99.8,0.8519942335415667,0.9208333333333333,0.8879598662207359,2507,ohc,five,136,mpfi,3.19,3.4,8.5,110.0,5500.0,12.378947368421052,9.408,15250.0,Medio
1,158,audi,gas,std,four,sedan,fwd,front,105.8,0.9259971167707832,0.9916666666666667,0.931438127090301,2844,ohc,five,136,mpfi,3.19,3.4,8.5,110.0,5500.0,12.378947368421052,9.408,17710.0,Medio
1,122,audi,gas,std,four,wagon,fwd,front,105.8,0.9259971167707832,0.9916666666666667,0.931438127090301,2954,ohc,five,136,mpfi,3.19,3.4,8.5,110.0,5500.0,12.378947368421052,9.408,18920.0,Medio
1,158,audi,gas,turbo,four,sedan,fwd,front,105.8,0.9259971167707832,0.9916666666666667,0.9347826086956522,3086,ohc,five,131,mpfi,3.13,3.4,8.3,140.0,5500.0,13.835294117647058,11.76,23875.0,Medio
2,192,bmw,gas,std,two,sedan,rwd,front,101.2,0.849591542527631,0.8999999999999999,0.9080267558528428,2395,ohc,four,108,mpfi,3.5,2.8,8.8,101.0,5800.0,10.22608695652174,8.110344827586207,16430.0,Bajo
0,192,bmw,gas,std,four,sedan,rwd,front,101.2,0.849591542527631,0.8999999999999999,0.9080267558528428,2395,ohc,four,108,mpfi,3.5,2.8,8.8,101.0,5800.0,10.22608695652174,8.110344827586207,16925.0,Bajo
0,188,bmw,gas,std,two,sedan,rwd,front,101.2,0.849591542527631,0.8999999999999999,0.9080267558528428,2710,ohc,six,164,mpfi,3.31,3.19,9.0,121.0,4250.0,11.2,8.4,20970.0,Medio
0,188,bmw,gas,std,four,sedan,rwd,front,101.2,0.849591542527631,0.8999999999999999,0.9080267558528428,2765,ohc,six,164,mpfi,3.31,3.19,9.0,121.0,4250.0,11.2,8.4,21105.0,Medio
1,122,bmw,gas,std,four,sedan,rwd,front,103.5,0.9082172032676598,0.9291666666666667,0.931438127090301,3055,ohc,six,164,mpfi,3.31,3.19,9.0,121.0,4250.0,11.76,9.408,24565.0,Medio
0,122,bmw,gas,std,four,sedan,rwd,front,103.5,0.9082172032676598,0.9291666666666667,0.931438127090301,3230,ohc,six,209,mpfi,3.62,3.39,8.0,182.0,5400.0,14.7,10.69090909090909,30760.0,Alto
0,122,bmw,gas,std,two,sedan,rwd,front,103.5,0.9312830370014417,0.9430555555555556,0.8979933110367894,3380,ohc,six,209,mpfi,3.62,3.39,8.0,182.0,5400.0,14.7,10.69090909090909,41315.0,Alto
0,122,bmw,gas,std,four,sedan,rwd,front,110.0,0.9466602594906295,0.9847222222222223,0.9414715719063546,3505,ohc,six,209,mpfi,3.62,3.39,8.0,182.0,5400.0,15.68,11.76,36880.0,Alto
2,121,chevrolet,gas,std,two,hatchback,fwd,front,88.4,0.6780394041326285,0.8374999999999999,0.8896321070234114,1488,l,three,61,2bbl,2.91,3.03,9.5,48.0,5100.0,5.004255319148936,4.437735849056604,5151.0,Bajo
1,98,chevrolet,gas,std,two,hatchback,fwd,front,94.5,0.7491590581451226,0.8833333333333333,0.8695652173913044,1874,ohc,four,90,2bbl,3.03,3.11,9.6,70.0,5400.0,6.189473684210526,5.469767441860465,6295.0,Bajo
0,81,chevrolet,gas,std,four,sedan,fwd,front,94.5,0.7630946660259491,0.8833333333333333,0.8695652173913044,1909,ohc,four,90,2bbl,3.03,3.11,9.6,70.0,5400.0,6.189473684210526,5.469767441860465,6575.0,Bajo
1,118,dodge,gas,std,two,hatchback,fwd,front,93.7,0.7558865929841423,0.8861111111111111,0.8494983277591973,1876,ohc,four,90,2bbl,2.97,3.23,9.41,68.0,5500.0,6.356756756756757,5.736585365853658,5572.0,Bajo
1,118,dodge,gas,std,two,hatchback,fwd,front,93.7,0.7558865929841423,0.8861111111111111,0.8494983277591973,1876,ohc,four,90,2bbl,2.97,3.23,9.4,68.0,5500.0,7.587096774193548,6.189473684210526,6377.0,Bajo
1,118,dodge,gas,turbo,two,hatchback,fwd,front,93.7,0.7558865929841423,0.8861111111111111,0.8494983277591973,2128,ohc,four,98,mpfi,3.03,3.39,7.6,102.0,5500.0,9.8,7.84,7957.0,Medio
1,148,dodge,gas,std,four,hatchback,fwd,front,93.7,0.7558865929841423,0.8861111111111111,0.8461538461538463,1967,ohc,four,90,2bbl,2.97,3.23,9.4,68.0,5500.0,7.587096774193548,6.189473684210526,6229.0,Bajo
1,148,dodge,gas,std,four,sedan,fwd,front,93.7,0.7558865929841423,0.8861111111111111,0.8461538461538463,1989,ohc,four,90,2bbl,2.97,3.23,9.4,68.0,5500.0,7.587096774193548,6.189473684210526,6692.0,Bajo
1,148,dodge,gas,std,four,sedan,fwd,front,93.7,0.7558865929841423,0.8861111111111111,0.8461538461538463,1989,ohc,four,90,2bbl,2.97,3.23,9.4,68.0,5500.0,7.587096774193548,6.189473684210526,7609.0,Bajo
1,148,dodge,gas,turbo,four,sedan,fwd,front,93.7,0.7558865929841423,0.8861111111111111,0.8461538461538463,2191,ohc,four,98,mpfi,3.03,3.39,7.6,102.0,5500.0,9.8,7.84,8558.0,Medio
-1,110,dodge,gas,std,four,wagon,fwd,front,103.3,0.8390197020663143,0.8972222222222221,1.0,2535,ohc,four,122,2bbl,3.34,3.46,8.5,88.0,5000.0,9.8,7.84,8921.0,Bajo
3,145,dodge,gas,turbo,two,hatchback,fwd,front,95.9,0.8322921672272945,0.9208333333333333,0.8394648829431439,2811,ohc,four,156,mfi,3.6,3.9,7.0,145.0,5000.0,12.378947368421052,9.8,12964.0,Medio
2,137,honda,gas,std,two,hatchback,fwd,front,86.6,0.6948582412301778,0.8875,0.8494983277591973,1713,ohc,four,92,1bbl,2.91,3.41,9.6,58.0,4800.0,4.8,4.355555555555555,6479.0,Bajo
2,137,honda,gas,std,two,hatchback,fwd,front,86.6,0.6948582412301778,0.8875,0.8494983277591973,1819,ohc,four,92,1bbl,2.91,3.41,9.2,76.0,6000.0,7.587096774193548,6.189473684210526,6855.0,Bajo
1,101,honda,gas,std,two,hatchback,fwd,front,93.7,0.7208073041806824,0.8888888888888888,0.8795986622073579,1837,ohc,four,79,1bbl,2.91,3.07,10.1,60.0,5500.0,6.189473684210526,5.6,5399.0,Bajo
1,101,honda,gas,std,two,hatchback,fwd,front,93.7,0.7208073041806824,0.8888888888888888,0.8795986622073579,1940,ohc,four,92,1bbl,2.91,3.41,9.2,76.0,6000.0,7.84,6.917647058823529,6529.0,Bajo
1,101,honda,gas,std,two,hatchback,fwd,front,93.7,0.7208073041806824,0.8888888888888888,0.8795986622073579,1956,ohc,four,92,1bbl,2.91,3.41,9.2,76.0,6000.0,7.84,6.917647058823529,7129.0,Bajo
0,110,honda,gas,std,four,sedan,fwd,front,96.5,0.7851994233541567,0.8888888888888888,0.911371237458194,2010,ohc,four,92,1bbl,2.91,3.41,9.2,76.0,6000.0,7.84,6.917647058823529,7295.0,Bajo
0,78,honda,gas,std,four,wagon,fwd,front,96.5,0.754925516578568,0.8875,0.9749163879598662,2024,ohc,four,92,1bbl,2.92,3.41,9.2,76.0,6000.0,7.84,6.917647058823529,7295.0,Bajo
0,106,honda,gas,std,two,hatchback,fwd,front,96.5,0.8049014896684287,0.9055555555555556,0.8913043478260869,2236,ohc,four,110,1bbl,3.15,3.58,9.0,86.0,5800.0,8.71111111111111,7.127272727272727,7895.0,Bajo
0,106,honda,gas,std,two,hatchback,fwd,front,96.5,0.8049014896684287,0.9055555555555556,0.8913043478260869,2289,ohc,four,110,1bbl,3.15,3.58,9.0,86.0,5800.0,8.71111111111111,7.127272727272727,9095.0,Bajo
0,85,honda,gas,std,four,sedan,fwd,front,96.5,0.8428640076886112,0.9055555555555556,0.9046822742474917,2304,ohc,four,110,1bbl,3.15,3.58,9.0,86.0,5800.0,8.71111111111111,7.127272727272727,8845.0,Bajo
0,85,honda,gas,std,four,sedan,fwd,front,96.5,0.8428640076886112,0.8680555555555556,0.9046822742474917,2372,ohc,four,110,1bbl,3.15,3.58,9.0,86.0,5800.0,8.71111111111111,7.127272727272727,10295.0,Bajo
0,85,honda,gas,std,four,sedan,fwd,front,96.5,0.8428640076886112,0.9055555555555556,0.9046822742474917,2465,ohc,four,110,mpfi,3.15,3.58,9.0,101.0,5800.0,9.8,8.4,12945.0,Bajo
1,107,honda,gas,std,two,sedan,fwd,front,96.5,0.8125901009130225,0.9166666666666666,0.8528428093645485,2293,ohc,four,110,2bbl,3.15,3.58,9.1,100.0,5500.0,9.408,7.587096774193548,10345.0,Bajo
0,122,isuzu,gas,std,four,sedan,rwd,front,94.3,0.8202787121576165,0.8583333333333333,0.8946488294314382,2337,ohc,four,111,2bbl,3.31,3.23,8.5,78.0,4800.0,9.8,8.110344827586207,6785.0,Bajo
2,122,isuzu,gas,std,two,hatchback,rwd,front,96.0,0.8294089380105718,0.9055555555555556,0.8595317725752508,2734,ohc,four,119,spfi,3.43,3.23,9.2,90.0,5000.0,9.8,8.110344827586207,11048.0,Bajo
0,145,jaguar,gas,std,four,sedan,rwd,front,113.0,0.9591542527630946,0.9666666666666666,0.882943143812709,4066,dohc,six,258,mpfi,3.63,4.17,8.1,176.0,4750.0,15.68,12.378947368421052,32250.0,Alto
0,122,jaguar,gas,std,four,sedan,rwd,front,113.0,0.9591542527630946,0.9666666666666666,0.882943143812709,4066,dohc,six,258,mpfi,3.63,4.17,8.1,176.0,4750.0,15.68,12.378947368421052,35550.0,Alto
0,122,jaguar,gas,std,two,sedan,rwd,front,102.0,0.921191734742912,0.9805555555555555,0.7993311036789298,3950,ohcv,twelve,326,mpfi,3.54,2.76,11.5,262.0,5000.0,18.09230769230769,13.835294117647058,36000.0,
1,104,mazda,gas,std,two,hatchback,fwd,front,93.1,0.7645362806343105,0.8916666666666667,0.9046822742474917,1890,ohc,four,91,2bbl,3.03,3.15,9.0,68.0,5000.0,7.84,7.587096774193548,5195.0,Bajo
1,104,mazda,gas,std,two,hatchback,fwd,front,93.1,0.7645362806343105,0.8916666666666667,0.9046822742474917,1900,ohc,four,91,2bbl,3.03,3.15,9.0,68.0,5000.0,7.587096774193548,6.189473684210526,6095.0,Bajo
1,104,mazda,gas,std,two,hatchback,fwd,front,93.1,0.7645362806343105,0.8916666666666667,0.9046822742474917,1905,ohc,four,91,2bbl,3.03,3.15,9.0,68.0,5000.0,7.587096774193548,6.189473684210526,6795.0,Bajo
1,113,mazda,gas,std,four,sedan,fwd,front,93.1,0.8015377222489188,0.8916666666666667,0.9046822742474917,1945,ohc,four,91,2bbl,3.03,3.15,9.0,68.0,5000.0,7.587096774193548,6.189473684210526,6695.0,Bajo
1,113,mazda,gas,std,four,sedan,fwd,front,93.1,0.8015377222489188,0.8916666666666667,0.9046822742474917,1950,ohc,four,91,2bbl,3.08,3.15,9.0,68.0,5000.0,7.587096774193548,6.189473684210526,7395.0,Bajo
3,150,mazda,gas,std,two,hatchback,rwd,front,95.3,0.8121095627102355,0.9125000000000001,0.8294314381270904,2380,rotor,two,70,4bbl,3.3297512437810943,3.255422885572139,9.4,101.0,6000.0,13.835294117647058,10.22608695652174,10945.0,Bajo
3,150,mazda,gas,std,two,hatchback,rwd,front,95.3,0.8121095627102355,0.9125000000000001,0.8294314381270904,2380,rotor,two,70,4bbl,3.3297512437810943,3.255422885572139,9.4,101.0,6000.0,13.835294117647058,10.22608695652174,11845.0,Bajo
3,150,mazda,gas,std,two,hatchback,rwd,front,95.3,0.8121095627102355,0.9125000000000001,0.8294314381270904,2385,rotor,two,70,4bbl,3.3297512437810943,3.255422885572139,9.4,101.0,6000.0,13.835294117647058,10.22608695652174,13645.0,Bajo
3,150,mazda,gas,std,two,hatchback,rwd,front,95.3,0.8121095627102355,0.9125000000000001,0.8294314381270904,2500,rotor,two,80,mpfi,3.3297512437810943,3.255422885572139,9.4,135.0,6000.0,14.7,10.22608695652174,15645.0,Medio
1,129,mazda,gas,std,two,hatchback,fwd,front,98.8,0.8543969245555022,0.9236111111111112,0.8979933110367894,2385,ohc,four,122,2bbl,3.39,3.39,8.6,84.0,4800.0,9.046153846153846,7.35,8845.0,Bajo
0,115,mazda,gas,std,four,sedan,fwd,front,98.8,0.8543969245555022,0.9236111111111112,0.9280936454849499,2410,ohc,four,122,2bbl,3.39,3.39,8.6,84.0,4800.0,9.046153846153846,7.35,8495.0,Bajo
1,129,mazda,gas,std,two,hatchback,fwd,front,98.8,0.8543969245555022,0.9236111111111112,0.8979933110367894,2385,ohc,four,122,2bbl,3.39,3.39,8.6,84.0,4800.0,9.046153846153846,7.35,10595.0,Bajo
0,115,mazda,gas,std,four,sedan,fwd,front,98.8,0.8543969245555022,0.9236111111111112,0.9280936454849499,2410,ohc,four,122,2bbl,3.39,3.39,8.6,84.0,4800.0,9.046153846153846,7.35,10245.0,Bajo
0,122,mazda,diesel,std,four,sedan,fwd,front,98.8,0.8543969245555022,0.9236111111111112,0.9280936454849499,2443,ohc,four,122,idi,3.39,3.39,22.7,64.0,4650.0,6.533333333333333,5.6,10795.0,Bajo
0,115,mazda,gas,std,four,hatchback,fwd,front,98.8,0.8543969245555022,0.9236111111111112,0.9280936454849499,2425,ohc,four,122,2bbl,3.39,3.39,8.6,84.0,4800.0,9.046153846153846,7.35,11245.0,Bajo
0,118,mazda,gas,std,four,sedan,rwd,front,104.9,0.8409418548774628,0.9180555555555555,0.9096989966555185,2670,ohc,four,140,mpfi,3.76,3.16,8.0,120.0,5000.0,12.378947368421052,8.71111111111111,18280.0,Medio
0,122,mazda,diesel,std,four,sedan,rwd,front,104.9,0.8409418548774628,0.9180555555555555,0.9096989966555185,2700,ohc,four,134,idi,3.43,3.64,22.0,72.0,4200.0,7.587096774193548,6.030769230769231,18344.0,Bajo
-1,93,mercedes-benz,diesel,turbo,four,sedan,rwd,front,110.0,0.9173474291206152,0.9763888888888889,0.9448160535117057,3515,ohc,five,183,idi,3.58,3.64,21.5,123.0,4350.0,10.69090909090909,9.408,25552.0,Medio
-1,93,mercedes-benz,diesel,turbo,four,wagon,rwd,front,110.0,0.9173474291206152,0.9763888888888889,0.9816053511705687,3750,ohc,five,183,idi,3.58,3.64,21.5,123.0,4350.0,10.69090909090909,9.408,28248.0,Medio
0,93,mercedes-benz,diesel,turbo,two,hardtop,rwd,front,106.7,0.9010091302258529,0.9763888888888889,0.9180602006688964,3495,ohc,five,183,idi,3.58,3.64,21.5,123.0,4350.0,10.69090909090909,9.408,28176.0,Medio
-1,93,mercedes-benz,diesel,turbo,four,sedan,rwd,front,115.6,0.9735703988467083,0.9958333333333333,0.9414715719063546,3770,ohc,five,183,idi,3.58,3.64,21.5,123.0,4350.0,10.69090909090909,9.408,31600.0,Medio
-1,122,mercedes-benz,gas,std,four,sedan,rwd,front,115.6,0.9735703988467083,0.9958333333333333,0.9448160535117057,3740,ohcv,eight,234,mpfi,3.46,3.1,8.3,155.0,4750.0,14.7,13.066666666666666,34184.0,Medio
3,142,mercedes-benz,gas,std,two,convertible,rwd,front,96.6,0.8664103796251803,0.9791666666666666,0.8494983277591973,3685,ohcv,eight,234,mpfi,3.46,3.1,8.3,155.0,4750.0,14.7,13.066666666666666,35056.0,Medio
0,122,mercedes-benz,gas,std,four,sedan,rwd,front,120.9,1.0,0.9958333333333333,0.948160535117057,3900,ohcv,eight,308,mpfi,3.8,3.35,8.0,184.0,4500.0,16.8,14.7,40960.0,Alto
1,122,mercedes-benz,gas,std,two,hardtop,rwd,front,112.0,0.9572320999519461,1.0,0.9264214046822743,3715,ohcv,eight,304,mpfi,3.8,3.35,8.0,184.0,4500.0,16.8,14.7,45400.0,Alto
1,122,mercury,gas,turbo,two,hatchback,rwd,front,102.7,0.857280153772225,0.9444444444444444,0.9163879598662207,2910,ohc,four,140,mpfi,3.78,3.12,8.0,175.0,5000.0,12.378947368421052,9.8,16503.0,Alto
2,161,mitsubishi,gas,std,two,hatchback,fwd,front,93.7,0.7558865929841423,0.8944444444444445,0.8494983277591973,1918,ohc,four,92,2bbl,2.97,3.23,9.4,68.0,5500.0,6.356756756756757,5.736585365853658,5389.0,Bajo
2,161,mitsubishi,gas,std,two,hatchback,fwd,front,93.7,0.7558865929841423,0.8944444444444445,0.8494983277591973,1944,ohc,four,92,2bbl,2.97,3.23,9.4,68.0,5500.0,7.587096774193548,6.189473684210526,6189.0,Bajo
2,161,mitsubishi,gas,std,two,hatchback,fwd,front,93.7,0.7558865929841423,0.8944444444444445,0.8494983277591973,2004,ohc,four,92,2bbl,2.97,3.23,9.4,68.0,5500.0,7.587096774193548,6.189473684210526,6669.0,Bajo
1,161,mitsubishi,gas,turbo,two,hatchback,fwd,front,93.0,0.7558865929841423,0.8861111111111111,0.8494983277591973,2145,ohc,four,98,spdi,3.03,3.39,7.6,102.0,5500.0,9.8,7.84,7689.0,Medio
3,153,mitsubishi,gas,turbo,two,hatchback,fwd,front,96.3,0.8313310908217203,0.9083333333333334,0.8260869565217391,2370,ohc,four,110,spdi,3.17,3.46,7.5,116.0,5500.0,10.22608695652174,7.84,9959.0,Medio
3,153,mitsubishi,gas,std,two,hatchback,fwd,front,96.3,0.8313310908217203,0.9083333333333334,0.8260869565217391,2328,ohc,four,122,2bbl,3.35,3.46,8.5,88.0,5000.0,9.408,7.35,8499.0,Bajo
3,122,mitsubishi,gas,turbo,two,hatchback,fwd,front,95.9,0.8322921672272945,0.9208333333333333,0.8394648829431439,2833,ohc,four,156,spdi,3.58,3.86,7.0,145.0,5000.0,12.378947368421052,9.8,12629.0,Medio
3,122,mitsubishi,gas,turbo,two,hatchback,fwd,front,95.9,0.8322921672272945,0.9208333333333333,0.8394648829431439,2921,ohc,four,156,spdi,3.59,3.86,7.0,145.0,5000.0,12.378947368421052,9.8,14869.0,Medio
3,122,mitsubishi,gas,turbo,two,hatchback,fwd,front,95.9,0.8322921672272945,0.9208333333333333,0.8394648829431439,2926,ohc,four,156,spdi,3.59,3.86,7.0,145.0,5000.0,12.378947368421052,9.8,14489.0,Medio
1,125,mitsubishi,gas,std,four,sedan,fwd,front,96.3,0.8284478616049976,0.9083333333333334,0.8628762541806021,2365,ohc,four,122,2bbl,3.35,3.46,8.5,88.0,5000.0,9.408,7.35,6989.0,Bajo
1,125,mitsubishi,gas,std,four,sedan,fwd,front,96.3,0.8284478616049976,0.9083333333333334,0.8628762541806021,2405,ohc,four,122,2bbl,3.35,3.46,8.5,88.0,5000.0,9.408,7.35,8189.0,Bajo
1,125,mitsubishi,gas,turbo,four,sedan,fwd,front,96.3,0.8284478616049976,0.9083333333333334,0.8628762541806021,2403,ohc,four,110,spdi,3.17,3.46,7.5,116.0,5500.0,10.22608695652174,7.84,9279.0,Medio
-1,137,mitsubishi,gas,std,four,sedan,fwd,front,96.3,0.8284478616049976,0.9083333333333334,0.8628762541806021,2403,ohc,four,110,spdi,3.17,3.46,7.5,116.0,5500.0,10.22608695652174,7.84,9279.0,Medio
1,128,nissan,gas,std,two,sedan,fwd,front,94.5,0.794329649207112,0.8861111111111111,0.911371237458194,1889,ohc,four,97,2bbl,3.15,3.29,9.4,69.0,5200.0,7.587096774193548,6.356756756756757,5499.0,Bajo
1,128,nissan,diesel,std,two,sedan,fwd,front,94.5,0.794329649207112,0.8861111111111111,0.911371237458194,2017,ohc,four,103,idi,2.99,3.47,21.9,55.0,4800.0,5.226666666666667,4.704,7099.0,Bajo
1,128,nissan,gas,std,two,sedan,fwd,front,94.5,0.794329649207112,0.8861111111111111,0.911371237458194,1918,ohc,four,97,2bbl,3.15,3.29,9.4,69.0,5200.0,7.587096774193548,6.356756756756757,6649.0,Bajo
1,122,nissan,gas,std,four,sedan,fwd,front,94.5,0.794329649207112,0.8861111111111111,0.911371237458194,1938,ohc,four,97,2bbl,3.15,3.29,9.4,69.0,5200.0,7.587096774193548,6.356756756756757,6849.0,Bajo
1,103,nissan,gas,std,four,wagon,fwd,front,94.5,0.8178760211436809,0.8861111111111111,0.8946488294314382,2024,ohc,four,97,2bbl,3.15,3.29,9.4,69.0,5200.0,7.587096774193548,6.356756756756757,7349.0,Bajo
1,128,nissan,gas,std,two,sedan,fwd,front,94.5,0.794329649207112,0.8861111111111111,0.911371237458194,1951,ohc,four,97,2bbl,3.15,3.29,9.4,69.0,5200.0,7.587096774193548,6.356756756756757,7299.0,Bajo
1,128,nissan,gas,std,two,hatchback,fwd,front,94.5,0.7957712638154734,0.8861111111111111,0.8913043478260869,2028,ohc,four,97,2bbl,3.15,3.29,9.4,69.0,5200.0,7.587096774193548,6.356756756756757,7799.0,Bajo
1,122,nissan,gas,std,four,sedan,fwd,front,94.5,0.794329649207112,0.8861111111111111,0.911371237458194,1971,ohc,four,97,2bbl,3.15,3.29,9.4,69.0,5200.0,7.587096774193548,6.356756756756757,7499.0,Bajo
1,103,nissan,gas,std,four,wagon,fwd,front,94.5,0.8178760211436809,0.8861111111111111,0.8946488294314382,2037,ohc,four,97,2bbl,3.15,3.29,9.4,69.0,5200.0,7.587096774193548,6.356756756756757,7999.0,Bajo
2,168,nissan,gas,std,two,hardtop,fwd,front,95.1,0.7803940413262855,0.8861111111111111,0.8913043478260869,2008,ohc,four,97,2bbl,3.15,3.29,9.4,69.0,5200.0,7.587096774193548,6.356756756756757,8249.0,Bajo
0,106,nissan,gas,std,four,hatchback,fwd,front,97.2,0.8332532436328689,0.9055555555555556,0.9147157190635452,2324,ohc,four,120,2bbl,3.33,3.47,8.5,97.0,5200.0,8.71111111111111,6.917647058823529,8949.0,Bajo
0,106,nissan,gas,std,four,sedan,fwd,front,97.2,0.8332532436328689,0.9055555555555556,0.9147157190635452,2302,ohc,four,120,2bbl,3.33,3.47,8.5,97.0,5200.0,8.71111111111111,6.917647058823529,9549.0,Bajo
0,128,nissan,gas,std,four,sedan,fwd,front,100.4,0.8731379144641999,0.9236111111111112,0.9214046822742475,3095,ohcv,six,181,mpfi,3.43,3.27,9.0,152.0,5200.0,13.835294117647058,10.69090909090909,13499.0,Medio
0,108,nissan,gas,std,four,wagon,fwd,front,100.4,0.8870735223450265,0.9236111111111112,0.9381270903010034,3296,ohcv,six,181,mpfi,3.43,3.27,9.0,152.0,5200.0,13.835294117647058,10.69090909090909,14399.0,Medio
0,108,nissan,gas,std,four,sedan,fwd,front,100.4,0.8870735223450265,0.9236111111111112,0.9214046822742475,3060,ohcv,six,181,mpfi,3.43,3.27,9.0,152.0,5200.0,12.378947368421052,9.408,13499.0,Medio
3,194,nissan,gas,std,two,hatchback,rwd,front,91.3,0.8202787121576165,0.9430555555555556,0.831103678929766,3071,ohcv,six,181,mpfi,3.43,3.27,9.0,160.0,5200.0,12.378947368421052,9.408,17199.0,Alto
3,194,nissan,gas,turbo,two,hatchback,rwd,front,91.3,0.8202787121576165,0.9430555555555556,0.831103678929766,3139,ohcv,six,181,mpfi,3.43,3.27,7.8,200.0,5200.0,13.835294117647058,10.22608695652174,19699.0,Alto
1,231,nissan,gas,std,two,hatchback,rwd,front,99.2,0.857760691975012,0.9430555555555556,0.831103678929766,3139,ohcv,six,181,mpfi,3.43,3.27,9.0,160.0,5200.0,12.378947368421052,9.408,18399.0,Alto
0,161,peugot,gas,std,four,sedan,rwd,front,107.9,0.897164824603556,0.9500000000000001,0.948160535117057,3020,l,four,120,mpfi,3.46,3.19,8.4,97.0,5000.0,12.378947368421052,9.8,11900.0,Bajo
0,161,peugot,diesel,turbo,four,sedan,rwd,front,107.9,0.897164824603556,0.9500000000000001,0.948160535117057,3197,l,four,152,idi,3.7,3.52,21.0,95.0,4150.0,8.4,7.127272727272727,13200.0,Bajo
0,122,peugot,gas,std,four,wagon,rwd,front,114.2,0.9557904853435849,0.9500000000000001,0.9816053511705687,3230,l,four,120,mpfi,3.46,3.19,8.4,97.0,5000.0,12.378947368421052,9.8,12440.0,Bajo
0,122,peugot,diesel,turbo,four,wagon,rwd,front,114.2,0.9557904853435849,0.9500000000000001,0.9816053511705687,3430,l,four,152,idi,3.7,3.52,21.0,95.0,4150.0,9.408,9.408,13860.0,Bajo
0,161,peugot,gas,std,four,sedan,rwd,front,107.9,0.897164824603556,0.9500000000000001,0.948160535117057,3075,l,four,120,mpfi,3.46,2.19,8.4,95.0,5000.0,12.378947368421052,9.8,15580.0,Bajo
0,161,peugot,diesel,turbo,four,sedan,rwd,front,107.9,0.897164824603556,0.9500000000000001,0.948160535117057,3252,l,four,152,idi,3.7,3.52,21.0,95.0,4150.0,8.4,7.127272727272727,16900.0,Bajo
0,122,peugot,gas,std,four,wagon,rwd,front,114.2,0.9557904853435849,0.9500000000000001,0.948160535117057,3285,l,four,120,mpfi,3.46,2.19,8.4,95.0,5000.0,12.378947368421052,9.8,16695.0,Bajo
0,122,peugot,diesel,turbo,four,wagon,rwd,front,114.2,0.9557904853435849,0.9500000000000001,0.9816053511705687,3485,l,four,152,idi,3.7,3.52,21.0,95.0,4150.0,9.408,9.408,17075.0,Bajo
0,161,peugot,gas,std,four,sedan,rwd,front,107.9,0.897164824603556,0.9500000000000001,0.948160535117057,3075,l,four,120,mpfi,3.46,3.19,8.4,97.0,5000.0,12.378947368421052,9.8,16630.0,Bajo
0,161,peugot,diesel,turbo,four,sedan,rwd,front,107.9,0.897164824603556,0.9500000000000001,0.948160535117057,3252,l,four,152,idi,3.7,3.52,21.0,95.0,4150.0,8.4,7.127272727272727,17950.0,Bajo
0,161,peugot,gas,turbo,four,sedan,rwd,front,108.0,0.897164824603556,0.9486111111111111,0.9364548494983278,3130,l,four,134,mpfi,3.61,3.21,7.0,142.0,5600.0,13.066666666666666,9.8,18150.0,Medio
1,119,plymouth,gas,std,two,hatchback,fwd,front,93.7,0.7558865929841423,0.8861111111111111,0.8494983277591973,1918,ohc,four,90,2bbl,2.97,3.23,9.4,68.0,5500.0,6.356756756756757,5.736585365853658,5572.0,Bajo
1,119,plymouth,gas,turbo,two,hatchback,fwd,front,93.7,0.7558865929841423,0.8861111111111111,0.8494983277591973,2128,ohc,four,98,spdi,3.03,3.39,7.6,102.0,5500.0,9.8,7.84,7957.0,Medio
1,154,plymouth,gas,std,four,hatchback,fwd,front,93.7,0.7558865929841423,0.8861111111111111,0.8461538461538463,1967,ohc,four,90,2bbl,2.97,3.23,9.4,68.0,5500.0,7.587096774193548,6.189473684210526,6229.0,Bajo
1,154,plymouth,gas,std,four,sedan,fwd,front,93.7,0.8039404132628545,0.8861111111111111,0.8494983277591973,1989,ohc,four,90,2bbl,2.97,3.23,9.4,68.0,5500.0,7.587096774193548,6.189473684210526,6692.0,Bajo
1,154,plymouth,gas,std,four,sedan,fwd,front,93.7,0.8039404132628545,0.8861111111111111,0.8494983277591973,2191,ohc,four,98,2bbl,2.97,3.23,9.4,68.0,5500.0,7.587096774193548,6.189473684210526,7609.0,Bajo
-1,74,plymouth,gas,std,four,wagon,fwd,front,103.3,0.8390197020663143,0.8972222222222221,1.0,2535,ohc,four,122,2bbl,3.35,3.46,8.5,88.0,5000.0,9.8,7.84,8921.0,Bajo
3,122,plymouth,gas,turbo,two,hatchback,rwd,front,95.9,0.8322921672272945,0.9208333333333333,0.8394648829431439,2818,ohc,four,156,spdi,3.59,3.86,7.0,145.0,5000.0,12.378947368421052,9.8,12764.0,Medio
3,186,porsche,gas,std,two,hatchback,rwd,front,94.5,0.8116290245074483,0.9486111111111111,0.8394648829431439,2778,ohc,four,151,mpfi,3.94,3.11,9.5,143.0,5500.0,12.378947368421052,8.71111111111111,22018.0,Medio
3,122,porsche,gas,std,two,hardtop,rwd,rear,89.5,0.8116290245074483,0.9027777777777778,0.8628762541806021,2756,ohcf,six,194,mpfi,3.74,2.9,9.5,207.0,5900.0,13.835294117647058,9.408,32528.0,Alto
3,122,porsche,gas,std,two,hardtop,rwd,rear,89.5,0.8116290245074483,0.9027777777777778,0.8628762541806021,2756,ohcf,six,194,mpfi,3.74,2.9,9.5,207.0,5900.0,13.835294117647058,9.408,34028.0,Alto
3,122,porsche,gas,std,two,convertible,rwd,rear,89.5,0.8116290245074483,0.9027777777777778,0.8628762541806021,2800,ohcf,six,194,mpfi,3.74,2.9,9.5,207.0,5900.0,13.835294117647058,9.408,37028.0,Alto
0,122,renault,gas,std,four,wagon,fwd,front,96.1,0.8721768380586257,0.9236111111111112,0.9230769230769231,2579,ohc,four,132,mpfi,3.46,3.9,8.7,104.256157635468,5125.369458128079,10.22608695652174,7.587096774193548,9295.0,Medio
2,122,renault,gas,std,two,hatchback,fwd,front,96.1,0.849591542527631,0.9249999999999999,0.8444816053511706,2460,ohc,four,132,mpfi,3.46,3.9,8.7,104.256157635468,5125.369458128079,10.22608695652174,7.587096774193548,9895.0,Medio
3,150,saab,gas,std,two,hatchback,fwd,front,99.1,0.8966842864007688,0.9236111111111112,0.9381270903010034,2658,ohc,four,121,mpfi,3.54,3.07,9.31,110.0,5250.0,11.2,8.4,11850.0,Medio
2,104,saab,gas,std,four,sedan,fwd,front,99.1,0.8966842864007688,0.9236111111111112,0.9381270903010034,2695,ohc,four,121,mpfi,3.54,3.07,9.3,110.0,5250.0,11.2,8.4,12170.0,Medio
3,150,saab,gas,std,two,hatchback,fwd,front,99.1,0.8966842864007688,0.9236111111111112,0.9381270903010034,2707,ohc,four,121,mpfi,2.54,2.07,9.3,110.0,5250.0,11.2,8.4,15040.0,Medio
2,104,saab,gas,std,four,sedan,fwd,front,99.1,0.8966842864007688,0.9236111111111112,0.9381270903010034,2758,ohc,four,121,mpfi,3.54,3.07,9.3,110.0,5250.0,11.2,8.4,15510.0,Medio
3,150,saab,gas,turbo,two,hatchback,fwd,front,99.1,0.8966842864007688,0.9236111111111112,0.9381270903010034,2808,dohc,four,121,mpfi,3.54,3.07,9.0,160.0,5500.0,12.378947368421052,9.046153846153846,18150.0,Alto
2,104,saab,gas,turbo,four,sedan,fwd,front,99.1,0.8966842864007688,0.9236111111111112,0.9381270903010034,2847,dohc,four,121,mpfi,3.54,3.07,9.0,160.0,5500.0,12.378947368421052,9.046153846153846,18620.0,Alto
2,83,subaru,gas,std,two,hatchback,fwd,front,93.7,0.7539644401729938,0.8805555555555555,0.8979933110367894,2050,ohcf,four,97,2bbl,3.62,2.36,9.0,69.0,4900.0,7.587096774193548,6.533333333333333,5118.0,Bajo
2,83,subaru,gas,std,two,hatchback,fwd,front,93.7,0.758769822200865,0.8833333333333333,0.8979933110367894,2120,ohcf,four,108,2bbl,3.62,2.64,8.7,73.0,4400.0,9.046153846153846,7.587096774193548,7053.0,Bajo
2,83,subaru,gas,std,two,hatchback,4wd,front,93.3,0.7558865929841423,0.8861111111111111,0.931438127090301,2240,ohcf,four,108,2bbl,3.62,2.64,8.7,73.0,4400.0,9.046153846153846,7.587096774193548,7603.0,Bajo
0,102,subaru,gas,std,four,sedan,fwd,front,97.2,0.8265257087938491,0.9083333333333334,0.8779264214046824,2145,ohcf,four,108,2bbl,3.62,2.64,9.5,82.0,4800.0,7.35,6.356756756756757,7126.0,Bajo
0,102,subaru,gas,std,four,sedan,fwd,front,97.2,0.8265257087938491,0.9083333333333334,0.8779264214046824,2190,ohcf,four,108,2bbl,3.62,2.64,9.5,82.0,4400.0,8.4,7.127272727272727,7775.0,Bajo
0,102,subaru,gas,std,four,sedan,fwd,front,97.2,0.8265257087938491,0.9083333333333334,0.8779264214046824,2340,ohcf,four,108,mpfi,3.62,2.64,9.0,94.0,5200.0,9.046153846153846,7.35,9960.0,Bajo
0,102,subaru,gas,std,four,sedan,4wd,front,97.0,0.8265257087938491,0.9083333333333334,0.9080267558528428,2385,ohcf,four,108,2bbl,3.62,2.64,9.0,82.0,4800.0,9.8,9.408,9233.0,Bajo
0,102,subaru,gas,turbo,four,sedan,4wd,front,97.0,0.8265257087938491,0.9083333333333334,0.9080267558528428,2510,ohcf,four,108,mpfi,3.62,2.64,7.7,111.0,4800.0,9.8,8.110344827586207,11259.0,Medio
0,89,subaru,gas,std,four,wagon,fwd,front,97.0,0.8337337818356559,0.9083333333333334,0.8862876254180603,2290,ohcf,four,108,2bbl,3.62,2.64,9.0,82.0,4800.0,8.4,7.35,7463.0,Bajo
0,89,subaru,gas,std,four,wagon,fwd,front,97.0,0.8337337818356559,0.9083333333333334,0.8862876254180603,2455,ohcf,four,108,mpfi,3.62,2.64,9.0,94.0,5200.0,9.408,7.587096774193548,10198.0,Bajo
0,85,subaru,gas,std,four,wagon,4wd,front,96.9,0.8342143200384431,0.9083333333333334,0.9180602006688964,2420,ohcf,four,108,2bbl,3.62,2.64,9.0,82.0,4800.0,10.22608695652174,8.110344827586207,8013.0,Bajo
0,85,subaru,gas,turbo,four,wagon,4wd,front,96.9,0.8342143200384431,0.9083333333333334,0.9180602006688964,2650,ohcf,four,108,mpfi,3.62,2.64,7.7,111.0,4800.0,10.22608695652174,10.22608695652174,11694.0,Medio
1,87,toyota,gas,std,two,hatchback,fwd,front,95.7,0.762614127823162,0.8833333333333333,0.911371237458194,1985,ohc,four,92,2bbl,3.05,3.03,9.0,62.0,4800.0,6.72,6.030769230769231,5348.0,Bajo
1,87,toyota,gas,std,two,hatchback,fwd,front,95.7,0.762614127823162,0.8833333333333333,0.911371237458194,2040,ohc,four,92,2bbl,3.05,3.03,9.0,62.0,4800.0,7.587096774193548,6.189473684210526,6338.0,Bajo
1,74,toyota,gas,std,four,hatchback,fwd,front,95.7,0.762614127823162,0.8833333333333333,0.911371237458194,2015,ohc,four,92,2bbl,3.05,3.03,9.0,62.0,4800.0,7.587096774193548,6.189473684210526,6488.0,Bajo
0,77,toyota,gas,std,four,wagon,fwd,front,95.7,0.8154733301297453,0.8833333333333333,0.988294314381271,2280,ohc,four,92,2bbl,3.05,3.03,9.0,62.0,4800.0,7.587096774193548,6.356756756756757,6918.0,Bajo
0,81,toyota,gas,std,four,wagon,4wd,front,95.7,0.8154733301297453,0.8833333333333333,0.988294314381271,2290,ohc,four,92,2bbl,3.05,3.03,9.0,62.0,4800.0,8.71111111111111,7.35,7898.0,Bajo
0,91,toyota,gas,std,four,wagon,4wd,front,95.7,0.8154733301297453,0.8833333333333333,0.988294314381271,3110,ohc,four,92,2bbl,3.05,3.03,9.0,62.0,4800.0,8.71111111111111,7.35,8778.0,Bajo
0,91,toyota,gas,std,four,sedan,fwd,front,95.7,0.7991350312349833,0.8944444444444445,0.8862876254180603,2081,ohc,four,98,2bbl,3.19,3.03,9.0,70.0,4800.0,7.84,6.356756756756757,6938.0,Bajo
0,91,toyota,gas,std,four,hatchback,fwd,front,95.7,0.7991350312349833,0.8944444444444445,0.882943143812709,2109,ohc,four,98,2bbl,3.19,3.03,9.0,70.0,4800.0,7.84,6.356756756756757,7198.0,Bajo
0,91,toyota,diesel,std,four,sedan,fwd,front,95.7,0.7991350312349833,0.8944444444444445,0.8862876254180603,2275,ohc,four,110,idi,3.27,3.35,22.5,56.0,4500.0,6.917647058823529,6.533333333333333,7898.0,Bajo
0,91,toyota,diesel,std,four,hatchback,fwd,front,95.7,0.7991350312349833,0.8944444444444445,0.882943143812709,2275,ohc,four,110,idi,3.27,3.35,22.5,56.0,4500.0,6.189473684210526,5.004255319148936,7788.0,Bajo
0,91,toyota,gas,std,four,sedan,fwd,front,95.7,0.7991350312349833,0.8944444444444445,0.8862876254180603,2094,ohc,four,98,2bbl,3.19,3.03,9.0,70.0,4800.0,6.189473684210526,5.004255319148936,7738.0,Bajo
0,91,toyota,gas,std,four,hatchback,fwd,front,95.7,0.7991350312349833,0.8944444444444445,0.882943143812709,2122,ohc,four,98,2bbl,3.19,3.03,9.0,70.0,4800.0,8.4,6.917647058823529,8358.0,Bajo
0,91,toyota,gas,std,four,sedan,fwd,front,95.7,0.7991350312349833,0.8944444444444445,0.882943143812709,2140,ohc,four,98,2bbl,3.19,3.03,9.0,70.0,4800.0,8.4,6.917647058823529,9258.0,Bajo
1,168,toyota,gas,std,two,sedan,rwd,front,94.5,0.810667948101874,0.8888888888888888,0.8795986622073579,2169,ohc,four,98,2bbl,3.19,3.03,9.0,70.0,4800.0,8.110344827586207,6.917647058823529,8058.0,Bajo
1,168,toyota,gas,std,two,hatchback,rwd,front,94.5,0.810667948101874,0.8888888888888888,0.8795986622073579,2204,ohc,four,98,2bbl,3.19,3.03,9.0,70.0,4800.0,8.110344827586207,6.917647058823529,8238.0,Bajo
1,168,toyota,gas,std,two,sedan,rwd,front,94.5,0.810667948101874,0.8888888888888888,0.8795986622073579,2265,dohc,four,98,mpfi,3.24,3.08,9.4,112.0,6600.0,9.046153846153846,8.110344827586207,9298.0,Medio
1,168,toyota,gas,std,two,hatchback,rwd,front,94.5,0.810667948101874,0.8888888888888888,0.8795986622073579,2300,dohc,four,98,mpfi,3.24,3.08,9.4,112.0,6600.0,9.046153846153846,8.110344827586207,9538.0,Medio
2,134,toyota,gas,std,two,hardtop,rwd,front,98.4,0.8467083133109082,0.911111111111111,0.8695652173913044,2540,ohc,four,146,mpfi,3.62,3.5,9.3,116.0,4800.0,9.8,7.84,8449.0,Medio
2,134,toyota,gas,std,two,hardtop,rwd,front,98.4,0.8467083133109082,0.911111111111111,0.8695652173913044,2536,ohc,four,146,mpfi,3.62,3.5,9.3,116.0,4800.0,9.8,7.84,9639.0,Medio
2,134,toyota,gas,std,two,hatchback,rwd,front,98.4,0.8467083133109082,0.911111111111111,0.8695652173913044,2551,ohc,four,146,mpfi,3.62,3.5,9.3,116.0,4800.0,9.8,7.84,9989.0,Medio
2,134,toyota,gas,std,two,hardtop,rwd,front,98.4,0.8467083133109082,0.911111111111111,0.8695652173913044,2679,ohc,four,146,mpfi,3.62,3.5,9.3,116.0,4800.0,9.8,7.84,11199.0,Medio
2,134,toyota,gas,std,two,hatchback,rwd,front,98.4,0.8467083133109082,0.911111111111111,0.8695652173913044,2714,ohc,four,146,mpfi,3.62,3.5,9.3,116.0,4800.0,9.8,7.84,11549.0,Medio
2,134,toyota,gas,std,two,convertible,rwd,front,98.4,0.8467083133109082,0.911111111111111,0.8862876254180603,2975,ohc,four,146,mpfi,3.62,3.5,9.3,116.0,4800.0,9.8,7.84,17669.0,Medio
-1,65,toyota,gas,std,four,sedan,fwd,front,102.4,0.8438250840941854,0.9236111111111112,0.9180602006688964,2326,ohc,four,122,mpfi,3.31,3.54,8.7,92.0,4200.0,8.110344827586207,6.917647058823529,8948.0,Bajo
-1,65,toyota,diesel,turbo,four,sedan,fwd,front,102.4,0.8438250840941854,0.9236111111111112,0.9180602006688964,2480,ohc,four,110,idi,3.27,3.35,22.5,73.0,4500.0,7.84,7.127272727272727,10698.0,Bajo
-1,65,toyota,gas,std,four,hatchback,fwd,front,102.4,0.8438250840941854,0.9236111111111112,0.9013377926421405,2414,ohc,four,122,mpfi,3.31,3.54,8.7,92.0,4200.0,8.71111111111111,7.35,9988.0,Bajo
-1,65,toyota,gas,std,four,sedan,fwd,front,102.4,0.8438250840941854,0.9236111111111112,0.9180602006688964,2414,ohc,four,122,mpfi,3.31,3.54,8.7,92.0,4200.0,8.71111111111111,7.35,10898.0,Bajo
-1,65,toyota,gas,std,four,hatchback,fwd,front,102.4,0.8438250840941854,0.9236111111111112,0.9013377926421405,2458,ohc,four,122,mpfi,3.31,3.54,8.7,92.0,4200.0,8.71111111111111,7.35,11248.0,Bajo
3,197,toyota,gas,std,two,hatchback,rwd,front,102.9,0.8817876021143681,0.9402777777777778,0.8695652173913044,2976,dohc,six,171,mpfi,3.27,3.35,9.3,161.0,5200.0,11.76,9.8,16558.0,Alto
3,197,toyota,gas,std,two,hatchback,rwd,front,102.9,0.8817876021143681,0.9402777777777778,0.8695652173913044,3016,dohc,six,171,mpfi,3.27,3.35,9.3,161.0,5200.0,12.378947368421052,9.8,15998.0,Alto
-1,90,toyota,gas,std,four,sedan,rwd,front,104.5,0.9024507448342144,0.9236111111111112,0.9046822742474917,3131,dohc,six,171,mpfi,3.27,3.35,9.2,156.0,5200.0,11.76,9.8,15690.0,Alto
-1,122,toyota,gas,std,four,wagon,rwd,front,104.5,0.9024507448342144,0.9236111111111112,0.9046822742474917,3151,dohc,six,161,mpfi,3.27,3.35,9.2,156.0,5200.0,12.378947368421052,9.8,15750.0,Alto
2,122,volkswagen,diesel,std,two,sedan,fwd,front,97.3,0.8250840941854877,0.9097222222222222,0.931438127090301,2261,ohc,four,97,idi,3.01,3.4,23.0,52.0,4800.0,6.356756756756757,5.113043478260869,7775.0,Bajo
2,122,volkswagen,gas,std,two,sedan,fwd,front,97.3,0.8250840941854877,0.9097222222222222,0.931438127090301,2209,ohc,four,109,mpfi,3.19,3.4,9.0,85.0,5250.0,8.71111111111111,6.917647058823529,7975.0,Bajo
2,94,volkswagen,diesel,std,four,sedan,fwd,front,97.3,0.8250840941854877,0.9097222222222222,0.931438127090301,2264,ohc,four,97,idi,3.01,3.4,23.0,52.0,4800.0,6.356756756756757,5.113043478260869,7995.0,Bajo
2,94,volkswagen,gas,std,four,sedan,fwd,front,97.3,0.8250840941854877,0.9097222222222222,0.931438127090301,2212,ohc,four,109,mpfi,3.19,3.4,9.0,85.0,5250.0,8.71111111111111,6.917647058823529,8195.0,Bajo
2,94,volkswagen,gas,std,four,sedan,fwd,front,97.3,0.8250840941854877,0.9097222222222222,0.931438127090301,2275,ohc,four,109,mpfi,3.19,3.4,9.0,85.0,5250.0,8.71111111111111,6.917647058823529,8495.0,Bajo
2,94,volkswagen,diesel,turbo,four,sedan,fwd,front,97.3,0.8250840941854877,0.9097222222222222,0.931438127090301,2319,ohc,four,97,idi,3.01,3.4,23.0,68.0,4500.0,6.356756756756757,5.6,9495.0,Bajo
2,94,volkswagen,gas,std,four,sedan,fwd,front,97.3,0.8250840941854877,0.9097222222222222,0.931438127090301,2300,ohc,four,109,mpfi,3.19,3.4,10.0,100.0,5500.0,9.046153846153846,7.35,9995.0,Bajo
3,122,volkswagen,gas,std,two,convertible,fwd,front,94.5,0.7654973570398848,0.8916666666666667,0.9297658862876255,2254,ohc,four,109,mpfi,3.19,3.4,8.5,90.0,5500.0,9.8,8.110344827586207,11595.0,Bajo
3,256,volkswagen,gas,std,two,hatchback,fwd,front,94.5,0.7962518020182604,0.8888888888888888,0.8595317725752508,2221,ohc,four,109,mpfi,3.19,3.4,8.5,90.0,5500.0,9.8,8.110344827586207,9980.0,Bajo
0,122,volkswagen,gas,std,four,sedan,fwd,front,100.4,0.865929841422393,0.9291666666666667,0.9214046822742475,2661,ohc,five,136,mpfi,3.19,3.4,8.5,110.0,5500.0,12.378947368421052,9.8,13295.0,Medio
0,122,volkswagen,diesel,turbo,four,sedan,fwd,front,100.4,0.865929841422393,0.9291666666666667,0.9214046822742475,2579,ohc,four,97,idi,3.01,3.4,23.0,68.0,4500.0,7.127272727272727,6.189473684210526,13845.0,Bajo
0,122,volkswagen,gas,std,four,wagon,fwd,front,100.4,0.8798654493032196,0.9291666666666667,0.9214046822742475,2563,ohc,four,109,mpfi,3.19,3.4,9.0,88.0,5500.0,9.408,7.587096774193548,12290.0,Bajo
-2,103,volvo,gas,std,four,sedan,rwd,front,104.3,0.9072561268620856,0.9333333333333333,0.939799331103679,2912,ohc,four,141,mpfi,3.78,3.15,9.5,114.0,5400.0,10.22608695652174,8.4,12940.0,Medio
-1,74,volvo,gas,std,four,wagon,rwd,front,104.3,0.9072561268620856,0.9333333333333333,0.9615384615384616,3034,ohc,four,141,mpfi,3.78,3.15,9.5,114.0,5400.0,10.22608695652174,8.4,13415.0,Medio
-2,103,volvo,gas,std,four,sedan,rwd,front,104.3,0.9072561268620856,0.9333333333333333,0.939799331103679,2935,ohc,four,141,mpfi,3.78,3.15,9.5,114.0,5400.0,9.8,8.4,15985.0,Medio
-1,74,volvo,gas,std,four,wagon,rwd,front,104.3,0.9072561268620856,0.9333333333333333,0.9615384615384616,3042,ohc,four,141,mpfi,3.78,3.15,9.5,114.0,5400.0,9.8,8.4,16515.0,Medio
-2,103,volvo,gas,turbo,four,sedan,rwd,front,104.3,0.9072561268620856,0.9333333333333333,0.939799331103679,3045,ohc,four,130,mpfi,3.62,3.15,7.5,162.0,5100.0,13.835294117647058,10.69090909090909,18420.0,Alto
-1,74,volvo,gas,turbo,four,wagon,rwd,front,104.3,0.9072561268620856,0.9333333333333333,0.9615384615384616,3157,ohc,four,130,mpfi,3.62,3.15,7.5,162.0,5100.0,13.835294117647058,10.69090909090909,18950.0,Alto
-1,95,volvo,gas,std,four,sedan,rwd,front,109.1,0.9072561268620856,0.9569444444444445,0.9280936454849499,2952,ohc,four,141,mpfi,3.78,3.15,9.5,114.0,5400.0,10.22608695652174,8.4,16845.0,Medio
-1,95,volvo,gas,turbo,four,sedan,rwd,front,109.1,0.9072561268620856,0.9555555555555555,0.9280936454849499,3049,ohc,four,141,mpfi,3.78,3.15,8.7,160.0,5300.0,12.378947368421052,9.408,19045.0,Alto
-1,95,volvo,gas,std,four,sedan,rwd,front,109.1,0.9072561268620856,0.9569444444444445,0.9280936454849499,3012,ohcv,six,173,mpfi,3.58,2.87,8.8,134.0,5500.0,13.066666666666666,10.22608695652174,21485.0,Medio
-1,95,volvo,diesel,turbo,four,sedan,rwd,front,109.1,0.9072561268620856,0.9569444444444445,0.9280936454849499,3217,ohc,six,145,idi,3.01,3.4,23.0,106.0,4800.0,9.046153846153846,8.71111111111111,22470.0,Medio
-1,95,volvo,gas,turbo,four,sedan,rwd,front,109.1,0.9072561268620856,0.9569444444444445,0.9280936454849499,3062,ohc,four,141,mpfi,3.78,3.15,9.5,114.0,5400.0,12.378947368421052,9.408,22625.0,Medio
